GROK SENTIMENT ANALYSIS — X (Twitter),,
Source: Grok AI  |  Period: February 2026  |  Market: US,,
,,
FINDING 1: CREATINE FOR WOMEN IS EXPLODING ON X,,
Metric,Data,
"Search trend ""creatine for women""",N/A,
Tone of conversation,Overwhelmingly positive and educational,
Who is driving it,"Female founders, fitness accounts, reproductive health space",
Key angles being used,"Brain fog, perimenopause, postpartum recovery, bone health",
Key myth being debunked,It will make you bulky — actively countered in every post,
Opportunity,Women are fastest-growing user segment — new products launching weekly,
,,
FINDING 2: TOP FEARS (objection map for ad copy),,
Fear,Frequency,How winning ads address it
Hair loss / kidney damage,High,"Pre-empt with science: ""Most studied supplement. Safe."""
GI distress / bloating,High,"Format solution: ""Zero bloating — micronized Creapure"""
Will make me bulky,High (women),"Direct debunk: ""Strength without size"""
Dosing confusion,Medium,"Educate: ""Just 3-5g a day. No loading phase."""
Synthetic / unnatural,Medium,"Reframe: ""Same as eating steak. Just easier."""
,,
FINDING 3: BRAND SENTIMENT,,
Brand,Sentiment,Why
Creapure (ingredient),Very Positive,"Purity, German-sourced, no GI issues — most trusted"
Optimum Nutrition,Positive,"Reliable, everyday choice, widely available"
Muscle Feast,Positive,"Transparent label, no fillers, straight monohydrate"
Generic Chinese creatine,Negative,"Impurities, GI upset, distrust"
No major brand scandals,—,Clean landscape — opportunity to enter with trust messaging
,,
FINDING 4: COPY ANGLES THAT EMERGE FROM SENTIMENT,,
Angle,Evidence,Hook example
Brain fog / cognition,High engagement from women 30-50,"Creatine for your brain, not just your muscles"
Perimenopause / hormonal,Female founders driving conversation,What no one told you about creatine and menopause
Format as differentiator,GI complaints solved by micronized,The creatine you'll actually stick with
Purity as trust signal,Creapure dominates positive mentions,Creapure-sourced. Third-party tested. Nothing else.
First mover for women,80-90% of conversation still men,Finally — creatine made for how women's bodies work